"segment_id","forecast_month","gross_recovery_for_month"
"near_prime_q1",10,"14.34392138920000"
"near_prime_q1",11,"69.95644188680000"
"near_prime_q1",12,"158.42858287520000"
"near_prime_q1",13,"203.91931987500000"
"near_prime_q1",14,"245.26434512010000"
"near_prime_q1",15,"306.62551793000000"
"near_prime_q1",16,"372.46742582300000"
"near_prime_q1",17,"410.59184260380000"
"near_prime_q1",18,"452.53847059200000"
"near_prime_q1",19,"546.87064255920000"
"near_prime_q1",20,"619.70909214060000"
"near_prime_q1",21,"681.70923258080000"
"near_prime_q1",22,"730.42168493220000"
"near_prime_q1",23,"777.34428996400000"
"near_prime_q1",24,"839.06983216080000"
"near_prime_q1",25,"894.05042835540000"
"near_prime_q1",26,"930.11035567930000"
"near_prime_q1",27,"948.20471742600000"
"near_prime_q1",28,"997.55071376920000"
"near_prime_q1",29,"1045.14761089600000"
"near_prime_q1",30,"1059.71776076340000"
"near_prime_q1",31,"1073.50837423880000"
"near_prime_q1",32,"1119.86008484160000"
"near_prime_q1",33,"1123.52300802560000"
"near_prime_q1",34,"1156.94640193990000"
"near_prime_q1",35,"1224.97882510620000"
"near_prime_q1",36,"1243.92896530890000"
"near_prime_q1",37,"1260.56740454190000"
"near_prime_q1",38,"1277.59160065280000"
"near_prime_q1",39,"1291.19750361930000"
"near_prime_q1",40,"1287.83896164370000"
"near_prime_q1",41,"1292.93376192000000"
"near_prime_q1",42,"1298.03680028880000"
"near_prime_q1",43,"1319.77117232080000"
"near_prime_q1",44,"1325.02571249160000"
"near_prime_q1",45,"1324.91227894530000"
"near_prime_q1",46,"1331.36027198370000"
"near_prime_q1",47,"1322.72682649360000"
"near_prime_q1",48,"1342.92533336500000"
"near_prime_q1",49,"1356.49729822760000"
"near_prime_q1",50,"1364.46416733790000"
"near_prime_q1",51,"1360.44468817600000"
"near_prime_q1",52,"1344.66539467610000"
"near_prime_q1",53,"1331.01996954420000"
"near_prime_q1",54,"1334.37558637600000"
"near_prime_q1",55,"1327.22357316780000"
"near_prime_q1",56,"1323.50587636860000"
"near_prime_q1",57,"1331.49748306260000"
"near_prime_q1",58,"1323.93550096380000"
"near_prime_q1",59,"1320.46554978870000"
"near_prime_q1",60,"1312.34533603410000"
"near_prime_q1",61,"1330.92256804780000"
"near_prime_q1",62,"1325.52125354580000"
"near_prime_q1",63,"1321.64304746880000"
"near_prime_q1",64,"1332.13502363440000"
"near_prime_q1",65,"1341.33632121000000"
"near_prime_q1",66,"1348.87807210870000"
"near_prime_q1",67,"1351.30303333410000"
"near_prime_q1",68,"1359.26719573320000"
"near_prime_q1",69,"1367.75185290000000"
"near_prime_q1",70,"1383.53900561460000"
"near_prime_q1",71,"1392.75289180300000"
"near_prime_q1",72,"1395.38160005530000"
"near_prime_q1",73,"1400.72382823760000"
"near_prime_q1",74,"1390.88345385280000"
"near_prime_q1",75,"1378.67022626340000"
"near_prime_q1",76,"1363.01273125920000"
"near_prime_q1",77,"1353.93409026610000"
"near_prime_q1",78,"1351.75114543800000"
"near_prime_q1",79,"1327.99838904460000"
"near_prime_q1",80,"1308.64703579220000"
"near_prime_q1",81,"1287.73498663380000"
"near_prime_q1",82,"1276.00671437400000"
"near_prime_q1",83,"1257.27186692840000"
"near_prime_q1",84,"1239.36717674880000"
"near_prime_q2",10,"54.01149316860000"
"near_prime_q2",11,"449.72314748480000"
"near_prime_q2",12,"887.99487318080000"
"near_prime_q2",13,"1386.10374350000000"
"near_prime_q2",14,"1702.01508021390000"
"near_prime_q2",15,"2022.47189309680000"
"near_prime_q2",16,"2395.82995800920000"
"near_prime_q2",17,"2790.91054014630000"
"near_prime_q2",18,"3090.10823224480000"
"near_prime_q2",19,"3409.67413337760000"
"near_prime_q2",20,"3648.04331390100000"
"near_prime_q2",21,"4016.44083465960000"
"near_prime_q2",22,"4401.65995617080000"
"near_prime_q2",23,"4652.04873034000000"
"near_prime_q2",24,"5051.08245987180000"
"near_prime_q2",25,"5243.15910754620000"
"near_prime_q2",26,"5423.09285406820000"
"near_prime_q2",27,"5579.89569957300000"
"near_prime_q2",28,"5654.70874084320000"
"near_prime_q2",29,"5695.77225776960000"
"near_prime_q2",30,"5735.01561900200000"
"near_prime_q2",31,"5706.85221634640000"
"near_prime_q2",32,"5756.84774032320000"
"near_prime_q2",33,"5741.59559124480000"
"near_prime_q2",34,"5726.84904195170000"
"near_prime_q2",35,"5764.52337324000000"
"near_prime_q2",36,"5738.65930923510000"
"near_prime_q2",37,"5715.65019022920000"
"near_prime_q2",38,"5676.96083260060000"
"near_prime_q2",39,"5640.09323978340000"
"near_prime_q2",40,"5574.18389395930000"
"near_prime_q2",41,"5525.41463574300000"
"near_prime_q2",42,"5452.35640177800000"
"near_prime_q2",43,"5385.72121503260000"
"near_prime_q2",44,"5303.40001313640000"
"near_prime_q2",45,"5210.19121991920000"
"near_prime_q2",46,"5132.81374795440000"
"near_prime_q2",47,"5056.89286953840000"
"near_prime_q2",48,"5011.94690456460000"
"near_prime_q2",49,"4940.60707854040000"
"near_prime_q2",50,"4853.32508287920000"
"near_prime_q2",51,"4811.40859981880000"
"near_prime_q2",52,"4728.48583439110000"
"near_prime_q2",53,"4669.87976047970000"
"near_prime_q2",54,"4602.56401476760000"
"near_prime_q2",55,"4542.20428171400000"
"near_prime_q2",56,"4489.91716295670000"
"near_prime_q2",57,"4434.15781592700000"
"near_prime_q2",58,"4383.58679234560000"
"near_prime_q2",59,"4341.85276321160000"
"near_prime_q2",60,"4283.05539354990000"
"near_prime_q2",61,"4243.33290715340000"
"near_prime_q2",62,"4209.40957134440000"
"near_prime_q2",63,"4176.74849726400000"
"near_prime_q2",64,"4139.73538091200000"
"near_prime_q2",65,"4118.93608475730000"
"near_prime_q2",66,"4099.08342918690000"
"near_prime_q2",67,"4067.79921241980000"
"near_prime_q2",68,"4052.93105805120000"
"near_prime_q2",69,"4070.77042775000000"
"near_prime_q2",70,"4047.64181164840000"
"near_prime_q2",71,"4057.74565289100000"
"near_prime_q2",72,"4064.53281550030000"
"near_prime_q2",73,"4034.67131704880000"
"near_prime_q2",74,"3999.17259887360000"
"near_prime_q2",75,"3966.08059822800000"
"near_prime_q2",76,"3919.86420076800000"
"near_prime_q2",77,"3863.77975304310000"
"near_prime_q2",78,"3825.11952314650000"
"near_prime_q2",79,"3783.19547912800000"
"near_prime_q2",80,"3723.77360943120000"
"near_prime_q2",81,"3672.12737650740000"
"near_prime_q2",82,"3608.21423097940000"
"near_prime_q2",83,"3559.77599502680000"
"near_prime_q2",84,"3512.80437231680000"
"near_prime_q3",10,"58.01067657840000"
"near_prime_q3",11,"272.61567392480000"
"near_prime_q3",12,"546.54696106560000"
"near_prime_q3",13,"825.66162075000000"
"near_prime_q3",14,"1124.26799702430000"
"near_prime_q3",15,"1405.01251111910000"
"near_prime_q3",16,"1584.50802352480000"
"near_prime_q3",17,"1725.15669404910000"
"near_prime_q3",18,"1928.82181902800000"
"near_prime_q3",19,"2197.51240468800000"
"near_prime_q3",20,"2393.80045986060000"
"near_prime_q3",21,"2588.30421904450000"
"near_prime_q3",22,"2792.08536977920000"
"near_prime_q3",23,"2883.14211550200000"
"near_prime_q3",24,"3114.01235661120000"
"near_prime_q3",25,"3325.87988276100000"
"near_prime_q3",26,"3503.25923735790000"
"near_prime_q3",27,"3721.56145680300000"
"near_prime_q3",28,"3870.22625831120000"
"near_prime_q3",29,"4111.16088148800000"
"near_prime_q3",30,"4254.33261646820000"
"near_prime_q3",31,"4429.65600290040000"
"near_prime_q3",32,"4527.45028074240000"
"near_prime_q3",33,"4718.25986867200000"
"near_prime_q3",34,"4832.44566906270000"
"near_prime_q3",35,"4952.48514723120000"
"near_prime_q3",36,"5077.79405230470000"
"near_prime_q3",37,"5144.36722912710000"
"near_prime_q3",38,"5152.57815866420000"
"near_prime_q3",39,"5148.76820147130000"
"near_prime_q3",40,"5121.47102452380000"
"near_prime_q3",41,"5042.15914013550000"
"near_prime_q3",42,"4987.91693262720000"
"near_prime_q3",43,"4962.06821422180000"
"near_prime_q3",44,"4915.55255205840000"
"near_prime_q3",45,"4900.85353623350000"
"near_prime_q3",46,"4844.69434375290000"
"near_prime_q3",47,"4802.76712659480000"
"near_prime_q3",48,"4757.41111333180000"
"near_prime_q3",49,"4763.00076607850000"
"near_prime_q3",50,"4747.31654295720000"
"near_prime_q3",51,"4709.76234778560000"
"near_prime_q3",52,"4657.33099270240000"
"near_prime_q3",53,"4666.02785590760000"
"near_prime_q3",54,"4626.63239430840000"
"near_prime_q3",55,"4613.70714819300000"
"near_prime_q3",56,"4607.80293613110000"
"near_prime_q3",57,"4584.24227005080000"
"near_prime_q3",58,"4600.52672271640000"
"near_prime_q3",59,"4609.01182839650000"
"near_prime_q3",60,"4627.49138497500000"
"near_prime_q3",61,"4714.27492964240000"
"near_prime_q3",62,"4766.04787294340000"
"near_prime_q3",63,"4835.04409825920000"
"near_prime_q3",64,"4889.56062963800000"
"near_prime_q3",65,"4988.39910728070000"
"near_prime_q3",66,"5110.26680616900000"
"near_prime_q3",67,"5185.50318519750000"
"near_prime_q3",68,"5258.43754953660000"
"near_prime_q3",69,"5361.75935245000000"
"near_prime_q3",70,"5514.11342284620000"
"near_prime_q3",71,"5604.25364166920000"
"near_prime_q3",72,"5753.14365989220000"
"near_prime_q3",73,"5849.53497512560000"
"near_prime_q3",74,"5904.72969741760000"
"near_prime_q3",75,"5983.87613318460000"
"near_prime_q3",76,"5981.49305390080000"
"near_prime_q3",77,"5991.36936693520000"
"near_prime_q3",78,"5990.39941094850000"
"near_prime_q3",79,"5928.03875135420000"
"near_prime_q3",80,"5929.49298437340000"
"near_prime_q3",81,"5924.03190935040000"
"near_prime_q3",82,"5892.02206131630000"
"near_prime_q3",83,"5846.20719875400000"
"near_prime_q3",84,"5807.38989786560000"
"near_prime_q4",10,"151.30784467240000"
"near_prime_q4",11,"788.56426932680000"
"near_prime_q4",12,"1537.13223581280000"
"near_prime_q4",13,"2398.84183550000000"
"near_prime_q4",14,"3066.06805114730000"
"near_prime_q4",15,"3590.03336970840000"
"near_prime_q4",16,"3967.37340141490000"
"near_prime_q4",17,"4468.92389277360000"
"near_prime_q4",18,"4966.91324034360000"
"near_prime_q4",19,"5108.15572540620000"
"near_prime_q4",20,"5279.83643387340000"
"near_prime_q4",21,"5779.77743069970000"
"near_prime_q4",22,"6033.92220385000000"
"near_prime_q4",23,"6402.25430640400000"
"near_prime_q4",24,"6692.56261456680000"
"near_prime_q4",25,"6853.37129792640000"
"near_prime_q4",26,"6921.15248790790000"
"near_prime_q4",27,"7141.84624788800000"
"near_prime_q4",28,"7288.16631584720000"
"near_prime_q4",29,"7302.09068948160000"
"near_prime_q4",30,"7287.34968061460000"
"near_prime_q4",31,"7397.49684048600000"
"near_prime_q4",32,"7295.39221380480000"
"near_prime_q4",33,"7184.84044705280000"
"near_prime_q4",34,"7168.81260399850000"
"near_prime_q4",35,"7026.86211278100000"
"near_prime_q4",36,"6922.37182175670000"
"near_prime_q4",37,"6785.30582375490000"
"near_prime_q4",38,"6650.96437923020000"
"near_prime_q4",39,"6519.25766773830000"
"near_prime_q4",40,"6394.49375554920000"
"near_prime_q4",41,"6267.88079580600000"
"near_prime_q4",42,"6146.98985952480000"
"near_prime_q4",43,"6025.28628290080000"
"near_prime_q4",44,"5905.98080630880000"
"near_prime_q4",45,"5813.42569429610000"
"near_prime_q4",46,"5704.73329098960000"
"near_prime_q4",47,"5591.75186440640000"
"near_prime_q4",48,"5487.00121056780000"
"near_prime_q4",49,"5389.93003799150000"
"near_prime_q4",50,"5296.00533417660000"
"near_prime_q4",51,"5200.68402202440000"
"near_prime_q4",52,"5153.28899831400000"
"near_prime_q4",53,"5077.14421475430000"
"near_prime_q4",54,"5001.82218802280000"
"near_prime_q4",55,"4919.66278202960000"
"near_prime_q4",56,"4890.28950483480000"
"near_prime_q4",57,"4835.86985481600000"
"near_prime_q4",58,"4811.56382566940000"
"near_prime_q4",59,"4850.08798359750000"
"near_prime_q4",60,"4895.09501808090000"
"near_prime_q4",61,"4937.68063524060000"
"near_prime_q4",62,"4997.70140045000000"
"near_prime_q4",63,"5025.14035857120000"
"near_prime_q4",64,"5083.15891273600000"
"near_prime_q4",65,"5145.77689288680000"
"near_prime_q4",66,"5169.04953119800000"
"near_prime_q4",67,"5308.94050452480000"
"near_prime_q4",68,"5418.35851943880000"
"near_prime_q4",69,"5588.86482435000000"
"near_prime_q4",70,"5774.18313812300000"
"near_prime_q4",71,"6040.45009939280000"
"near_prime_q4",72,"6127.77081593820000"
"near_prime_q4",73,"6268.30694925040000"
"near_prime_q4",74,"6370.46482556480000"
"near_prime_q4",75,"6514.72474112460000"
"near_prime_q4",76,"6635.28445419360000"
"near_prime_q4",77,"6785.31771114260000"
"near_prime_q4",78,"6972.89718124250000"
"near_prime_q4",79,"7221.41165581940000"
"near_prime_q4",80,"7434.05135883540000"
"near_prime_q4",81,"7632.49874453520000"
"near_prime_q4",82,"7857.82223938180000"
"near_prime_q4",83,"7937.60249069520000"
"near_prime_q4",84,"8019.21893555200000"
"prime_q1",11,"69.10384407740000"
"prime_q1",12,"91.72492290000000"
"prime_q1",13,"132.17258918340000"
"prime_q1",14,"193.25545455060000"
"prime_q1",15,"260.72085900600000"
"prime_q1",16,"288.89919125880000"
"prime_q1",17,"325.21847625290000"
"prime_q1",18,"365.68552756000000"
"prime_q1",19,"423.91660650980000"
"prime_q1",20,"518.60079343800000"
"prime_q1",21,"544.07997640000000"
"prime_q1",22,"620.94255973040000"
"prime_q1",23,"658.89633222080000"
"prime_q1",24,"714.81439857000000"
"prime_q1",25,"780.80446630800000"
"prime_q1",26,"798.26290618410000"
"prime_q1",27,"822.30573266490000"
"prime_q1",28,"834.82807984900000"
"prime_q1",29,"860.49401036070000"
"prime_q1",30,"885.29159689740000"
"prime_q1",31,"897.86807028510000"
"prime_q1",32,"893.86160138450000"
"prime_q1",33,"910.59209656050000"
"prime_q1",34,"917.09125173900000"
"prime_q1",35,"915.09168543160000"
"prime_q1",36,"909.64981373350000"
"prime_q1",37,"912.86417750100000"
"prime_q1",38,"918.48518452250000"
"prime_q1",39,"921.59941666440000"
"prime_q1",40,"923.33935464680000"
"prime_q1",41,"931.29511405290000"
"prime_q1",42,"925.28216468320000"
"prime_q1",43,"916.01255576000000"
"prime_q1",44,"913.13251943850000"
"prime_q1",45,"909.46746935140000"
"prime_q1",46,"891.45698912920000"
"prime_q1",47,"882.01183747200000"
"prime_q1",48,"869.19158212250000"
"prime_q1",49,"863.83396083540000"
"prime_q1",50,"850.32654891660000"
"prime_q1",51,"840.83364003840000"
"prime_q1",52,"837.36387773240000"
"prime_q1",53,"834.64844171990000"
"prime_q1",54,"827.64990858880000"
"prime_q1",55,"814.34932294210000"
"prime_q1",56,"798.22608520410000"
"prime_q1",57,"795.14717120400000"
"prime_q1",58,"785.39351818200000"
"prime_q1",59,"775.08115046530000"
"prime_q1",60,"762.28194338880000"
"prime_q1",61,"748.81478424880000"
"prime_q1",62,"741.73676879130000"
"prime_q1",63,"734.75217908400000"
"prime_q1",64,"732.25384855700000"
"prime_q1",65,"725.16692369460000"
"prime_q1",66,"713.69648096460000"
"prime_q1",67,"699.56463315690000"
"prime_q1",68,"692.98192461250000"
"prime_q1",69,"684.55968514770000"
"prime_q1",70,"674.29082986730000"
"prime_q1",71,"664.11370125000000"
"prime_q1",72,"664.46531596910000"
"prime_q1",73,"653.51735845880000"
"prime_q1",74,"650.14005282300000"
"prime_q1",75,"639.29160448010000"
"prime_q1",76,"629.50658501680000"
"prime_q1",77,"617.03969678500000"
"prime_q1",78,"607.11408126370000"
"prime_q1",79,"596.94743752450000"
"prime_q1",80,"586.84820014920000"
"prime_q1",81,"575.22705999190000"
"prime_q1",82,"565.09409983200000"
"prime_q1",83,"553.90208491290000"
"prime_q1",84,"545.32276349600000"
"prime_q2",10,"44.64010918620000"
"prime_q2",11,"566.86974937780000"
"prime_q2",12,"1043.76053104800000"
"prime_q2",13,"1368.72724965300000"
"prime_q2",14,"1799.94521226780000"
"prime_q2",15,"2064.29416342700000"
"prime_q2",16,"2305.99624874640000"
"prime_q2",17,"2619.65088301690000"
"prime_q2",18,"2906.73097750400000"
"prime_q2",19,"3227.49899463860000"
"prime_q2",20,"3588.70196396880000"
"prime_q2",21,"3824.61284194000000"
"prime_q2",22,"4160.63297529130000"
"prime_q2",23,"4483.03381334080000"
"prime_q2",24,"4810.48292064510000"
"prime_q2",25,"5009.70271138200000"
"prime_q2",26,"5188.58889450930000"
"prime_q2",27,"5335.50543097440000"
"prime_q2",28,"5458.61550830100000"
"prime_q2",29,"5568.41203762400000"
"prime_q2",30,"5597.69291168400000"
"prime_q2",31,"5576.36977119560000"
"prime_q2",32,"5530.32388606320000"
"prime_q2",33,"5487.49230411150000"
"prime_q2",34,"5414.60908535940000"
"prime_q2",35,"5392.39366638260000"
"prime_q2",36,"5404.82586574900000"
"prime_q2",37,"5377.83234392700000"
"prime_q2",38,"5325.85977397250000"
"prime_q2",39,"5254.09096063650000"
"prime_q2",40,"5171.98500160680000"
"prime_q2",41,"5089.71521807220000"
"prime_q2",42,"4995.59249238240000"
"prime_q2",43,"4904.38003342400000"
"prime_q2",44,"4818.25192133880000"
"prime_q2",45,"4740.81548200470000"
"prime_q2",46,"4667.43541011540000"
"prime_q2",47,"4605.90880316400000"
"prime_q2",48,"4534.04937872250000"
"prime_q2",49,"4475.08953996480000"
"prime_q2",50,"4401.37054735140000"
"prime_q2",51,"4324.69247339520000"
"prime_q2",52,"4256.11739231120000"
"prime_q2",53,"4178.32924377370000"
"prime_q2",54,"4103.16611944800000"
"prime_q2",55,"4042.81475452690000"
"prime_q2",56,"3970.30161869460000"
"prime_q2",57,"3904.24484535750000"
"prime_q2",58,"3826.92961287000000"
"prime_q2",59,"3764.31870823380000"
"prime_q2",60,"3695.91489465840000"
"prime_q2",61,"3638.92472784160000"
"prime_q2",62,"3599.26252423550000"
"prime_q2",63,"3538.13516718200000"
"prime_q2",64,"3488.52748356200000"
"prime_q2",65,"3432.82861635210000"
"prime_q2",66,"3377.30549491440000"
"prime_q2",67,"3326.12426106240000"
"prime_q2",68,"3276.35535669960000"
"prime_q2",69,"3243.79845344380000"
"prime_q2",70,"3187.70425810970000"
"prime_q2",71,"3137.97714687000000"
"prime_q2",72,"3092.10746326770000"
"prime_q2",73,"3033.77912396240000"
"prime_q2",74,"2984.86084575000000"
"prime_q2",75,"2939.20760153800000"
"prime_q2",76,"2892.78802712240000"
"prime_q2",77,"2838.46596874500000"
"prime_q2",78,"2787.82074941830000"
"prime_q2",79,"2745.63942473670000"
"prime_q2",80,"2691.27862308360000"
"prime_q2",81,"2637.98421735270000"
"prime_q2",82,"2585.75620754400000"
"prime_q2",83,"2537.79840206210000"
"prime_q2",84,"2490.97898637560000"
"prime_q3",10,"13.67009666880000"
"prime_q3",11,"143.54305716960000"
"prime_q3",12,"472.62091968000000"
"prime_q3",13,"682.53373762560000"
"prime_q3",14,"978.59351019300000"
"prime_q3",15,"1209.38969736500000"
"prime_q3",16,"1409.00138024880000"
"prime_q3",17,"1666.13354346260000"
"prime_q3",18,"1892.14889323600000"
"prime_q3",19,"2161.48169886520000"
"prime_q3",20,"2252.61501202080000"
"prime_q3",21,"2614.35790563000000"
"prime_q3",22,"2749.26178490010000"
"prime_q3",23,"2932.89449772480000"
"prime_q3",24,"3163.95479687100000"
"prime_q3",25,"3429.26360722260000"
"prime_q3",26,"3650.29443448530000"
"prime_q3",27,"3823.14718925040000"
"prime_q3",28,"4103.75406102150000"
"prime_q3",29,"4292.89111273040000"
"prime_q3",30,"4466.61321191640000"
"prime_q3",31,"4521.90566736720000"
"prime_q3",32,"4583.32883373470000"
"prime_q3",33,"4755.07978094580000"
"prime_q3",34,"4878.62841416880000"
"prime_q3",35,"4988.11764177490000"
"prime_q3",36,"5050.45397345350000"
"prime_q3",37,"5093.43417977700000"
"prime_q3",38,"5134.62744714500000"
"prime_q3",39,"5072.84524870650000"
"prime_q3",40,"5061.50582972580000"
"prime_q3",41,"5015.34049857740000"
"prime_q3",42,"4950.75072953760000"
"prime_q3",43,"4909.19821728800000"
"prime_q3",44,"4843.91215896750000"
"prime_q3",45,"4780.88671101760000"
"prime_q3",46,"4701.00405482760000"
"prime_q3",47,"4641.82460712000000"
"prime_q3",48,"4580.54537495100000"
"prime_q3",49,"4511.89172619460000"
"prime_q3",50,"4481.02414751880000"
"prime_q3",51,"4424.48952472320000"
"prime_q3",52,"4365.86304083000000"
"prime_q3",53,"4317.40979455650000"
"prime_q3",54,"4269.18653223040000"
"prime_q3",55,"4233.83268366850000"
"prime_q3",56,"4195.84240032930000"
"prime_q3",57,"4147.85527152000000"
"prime_q3",58,"4129.52080515000000"
"prime_q3",59,"4113.22638043400000"
"prime_q3",60,"4098.35490911940000"
"prime_q3",61,"4147.24942344640000"
"prime_q3",62,"4138.56422264760000"
"prime_q3",63,"4152.89590828420000"
"prime_q3",64,"4167.49555290200000"
"prime_q3",65,"4183.37623800930000"
"prime_q3",66,"4198.97298157920000"
"prime_q3",67,"4202.78124394050000"
"prime_q3",68,"4252.32735218630000"
"prime_q3",69,"4264.37329588870000"
"prime_q3",70,"4329.89324568240000"
"prime_q3",71,"4385.43055476000000"
"prime_q3",72,"4339.24290810780000"
"prime_q3",73,"4332.79057109800000"
"prime_q3",74,"4282.42181207200000"
"prime_q3",75,"4254.82750280770000"
"prime_q3",76,"4206.78869987840000"
"prime_q3",77,"4157.87811613500000"
"prime_q3",78,"4115.03644774040000"
"prime_q3",79,"4065.75193595010000"
"prime_q3",80,"4010.97010852560000"
"prime_q3",81,"3959.01253579900000"
"prime_q3",82,"3918.73448855200000"
"prime_q3",83,"3860.64460259380000"
"prime_q3",84,"3794.24952686640000"
"prime_q4",10,"568.28486388540000"
"prime_q4",11,"2029.13431925380000"
"prime_q4",12,"3683.90809577400000"
"prime_q4",13,"4944.30915036420000"
"prime_q4",14,"5922.11568445380000"
"prime_q4",15,"6687.45210116100000"
"prime_q4",16,"7553.93770361400000"
"prime_q4",17,"8339.24712557770000"
"prime_q4",18,"8764.01071588800000"
"prime_q4",19,"9090.45266475430000"
"prime_q4",20,"9924.49184820660000"
"prime_q4",21,"10281.38076733500000"
"prime_q4",22,"10851.90350652030000"
"prime_q4",23,"11372.85250804800000"
"prime_q4",24,"11515.61340838140000"
"prime_q4",25,"11838.85115680080000"
"prime_q4",26,"11928.01022995260000"
"prime_q4",27,"12038.17953922650000"
"prime_q4",28,"12079.72850167800000"
"prime_q4",29,"12051.72550010090000"
"prime_q4",30,"12054.97205748720000"
"prime_q4",31,"11877.20591983330000"
"prime_q4",32,"11861.14469619170000"
"prime_q4",33,"11758.24964856060000"
"prime_q4",34,"11539.38579965220000"
"prime_q4",35,"11329.98041823520000"
"prime_q4",36,"11121.59638185100000"
"prime_q4",37,"10901.37967758300000"
"prime_q4",38,"10733.16402063500000"
"prime_q4",39,"10566.32663153160000"
"prime_q4",40,"10360.06791863160000"
"prime_q4",41,"10176.83361819820000"
"prime_q4",42,"10007.68869885680000"
"prime_q4",43,"9835.76888004000000"
"prime_q4",44,"9670.95875026110000"
"prime_q4",45,"9543.88082481630000"
"prime_q4",46,"9361.86033269760000"
"prime_q4",47,"9209.91146976000000"
"prime_q4",48,"9094.77916503520000"
"prime_q4",49,"8958.76800575720000"
"prime_q4",50,"8823.73659307140000"
"prime_q4",51,"8763.39594063360000"
"prime_q4",52,"8700.56819742760000"
"prime_q4",53,"8623.10328193360000"
"prime_q4",54,"8560.01357275680000"
"prime_q4",55,"8436.18906270910000"
"prime_q4",56,"8399.21344084620000"
"prime_q4",57,"8316.63106948700000"
"prime_q4",58,"8281.16919380400000"
"prime_q4",59,"8291.04583445690000"
"prime_q4",60,"8340.67464786480000"
"prime_q4",61,"8464.46775498520000"
"prime_q4",62,"8525.45453971630000"
"prime_q4",63,"8744.18012454140000"
"prime_q4",64,"8954.69605580000000"
"prime_q4",65,"8998.11258648270000"
"prime_q4",66,"9161.34798265580000"
"prime_q4",67,"9428.43483965580000"
"prime_q4",68,"9656.79178805420000"
"prime_q4",69,"9922.63975594480000"
"prime_q4",70,"10245.43968331760000"
"prime_q4",71,"10512.15384942000000"
"prime_q4",72,"10616.40735133410000"
"prime_q4",73,"10820.92282838600000"
"prime_q4",74,"11072.95018237600000"
"prime_q4",75,"11142.63137112970000"
"prime_q4",76,"11186.90776177120000"
"prime_q4",77,"11282.35882282500000"
"prime_q4",78,"11254.93673700610000"
"prime_q4",79,"11405.09894968190000"
"prime_q4",80,"11294.09059361880000"
"prime_q4",81,"11344.16597765260000"
"prime_q4",82,"11452.56196556000000"
"prime_q4",83,"11373.22254175320000"
"prime_q4",84,"11271.12609862960000"
"subprime_q1",11,"1.17052357120000"
"subprime_q1",12,"1.37301110360000"
"subprime_q1",13,"1.34582587560000"
"subprime_q1",14,"4.89728921220000"
"subprime_q1",15,"10.72685960380000"
"subprime_q1",16,"13.92331628400000"
"subprime_q1",17,"13.90183610720000"
"subprime_q1",18,"13.62659041640000"
"subprime_q1",19,"17.18108790500000"
"subprime_q1",20,"21.03788594880000"
"subprime_q1",21,"24.47294310490000"
"subprime_q1",22,"24.32300360150000"
"subprime_q1",23,"29.49041249010000"
"subprime_q1",24,"41.90852989050000"
"subprime_q1",25,"55.09483186360000"
"subprime_q1",26,"57.73153046240000"
"subprime_q1",27,"59.74749279190000"
"subprime_q1",28,"66.47451805320000"
"subprime_q1",29,"65.15802677070000"
"subprime_q1",30,"76.88852148750000"
"subprime_q1",31,"80.21252707620000"
"subprime_q1",32,"87.07385641990000"
"subprime_q1",33,"85.34985871270000"
"subprime_q1",34,"83.65971345090000"
"subprime_q1",35,"89.46084051020000"
"subprime_q1",36,"95.16741503750000"
"subprime_q1",37,"96.39948264360000"
"subprime_q1",38,"99.21163818450000"
"subprime_q1",39,"103.22877203600000"
"subprime_q1",40,"109.65097045280000"
"subprime_q1",41,"114.15231715340000"
"subprime_q1",42,"120.88216733800000"
"subprime_q1",43,"126.87921593800000"
"subprime_q1",44,"131.07455507740000"
"subprime_q1",45,"137.32311572560000"
"subprime_q1",46,"142.86130613280000"
"subprime_q1",47,"153.48940420090000"
"subprime_q1",48,"159.99647088620000"
"subprime_q1",49,"178.23892247200000"
"subprime_q1",50,"192.35727098240000"
"subprime_q1",51,"222.04036664260000"
"subprime_q1",52,"245.14620849600000"
"subprime_q1",53,"272.03839228980000"
"subprime_q1",54,"283.09073881600000"
"subprime_q1",55,"298.58285879800000"
"subprime_q1",56,"316.50055312320000"
"subprime_q1",57,"341.31331120800000"
"subprime_q1",58,"383.58291689220000"
"subprime_q1",59,"413.59464233190000"
"subprime_q1",60,"460.40647218740000"
"subprime_q1",61,"506.93173340160000"
"subprime_q1",62,"549.95658377240000"
"subprime_q1",63,"596.09424285720000"
"subprime_q1",64,"645.73182860550000"
"subprime_q1",65,"708.00915118860000"
"subprime_q1",66,"754.64806175880000"
"subprime_q1",67,"780.49014759680000"
"subprime_q1",68,"836.70541962720000"
"subprime_q1",69,"923.23037472920000"
"subprime_q1",70,"1005.47834309080000"
"subprime_q1",71,"1090.06346976680000"
"subprime_q1",72,"1166.01687496580000"
"subprime_q1",73,"1248.08466000900000"
"subprime_q1",74,"1303.26361351250000"
"subprime_q1",75,"1355.77676709640000"
"subprime_q1",76,"1387.79936574600000"
"subprime_q1",77,"1413.33900423120000"
"subprime_q1",78,"1439.26736729040000"
"subprime_q1",79,"1462.34160125900000"
"subprime_q1",80,"1488.13593351780000"
"subprime_q1",81,"1521.87689563000000"
"subprime_q1",82,"1546.17053102160000"
"subprime_q1",83,"1577.43746772720000"
"subprime_q1",84,"1637.45504055000000"
"subprime_q2",11,"12.39774627040000"
"subprime_q2",12,"81.91051469180000"
"subprime_q2",13,"124.74583902810000"
"subprime_q2",14,"147.55002683520000"
"subprime_q2",15,"196.32644592370000"
"subprime_q2",16,"248.49099891000000"
"subprime_q2",17,"250.07429674880000"
"subprime_q2",18,"265.07718005470000"
"subprime_q2",19,"308.59949085050000"
"subprime_q2",20,"347.62679904960000"
"subprime_q2",21,"369.11351636000000"
"subprime_q2",22,"394.26919528500000"
"subprime_q2",23,"433.23882671700000"
"subprime_q2",24,"470.23980066700000"
"subprime_q2",25,"469.96613132000000"
"subprime_q2",26,"487.11073504960000"
"subprime_q2",27,"495.60991900220000"
"subprime_q2",28,"507.63617772040000"
"subprime_q2",29,"497.58272231790000"
"subprime_q2",30,"493.47670153500000"
"subprime_q2",31,"494.29820840880000"
"subprime_q2",32,"494.93770564980000"
"subprime_q2",33,"497.87318002160000"
"subprime_q2",34,"488.01401904720000"
"subprime_q2",35,"486.02800016800000"
"subprime_q2",36,"481.17554296630000"
"subprime_q2",37,"478.89316943580000"
"subprime_q2",38,"482.00945922250000"
"subprime_q2",39,"477.59176130940000"
"subprime_q2",40,"468.13692282840000"
"subprime_q2",41,"460.58404860500000"
"subprime_q2",42,"452.57608118760000"
"subprime_q2",43,"446.32719386900000"
"subprime_q2",44,"443.38686349540000"
"subprime_q2",45,"437.01236784560000"
"subprime_q2",46,"431.76570207840000"
"subprime_q2",47,"427.46754827480000"
"subprime_q2",48,"421.75850863060000"
"subprime_q2",49,"427.70558790960000"
"subprime_q2",50,"425.84663087200000"
"subprime_q2",51,"430.04526525260000"
"subprime_q2",52,"434.94103881340000"
"subprime_q2",53,"448.27745930640000"
"subprime_q2",54,"460.94309262100000"
"subprime_q2",55,"465.11645489200000"
"subprime_q2",56,"470.03721913920000"
"subprime_q2",57,"477.48547765440000"
"subprime_q2",58,"483.67906611360000"
"subprime_q2",59,"500.15074405660000"
"subprime_q2",60,"523.74828669500000"
"subprime_q2",61,"560.75131213920000"
"subprime_q2",62,"603.42097184000000"
"subprime_q2",63,"631.17592171560000"
"subprime_q2",64,"671.23793231300000"
"subprime_q2",65,"731.94995397320000"
"subprime_q2",66,"776.32921920180000"
"subprime_q2",67,"807.34255134900000"
"subprime_q2",68,"846.81649926160000"
"subprime_q2",69,"900.92752619920000"
"subprime_q2",70,"954.22648535300000"
"subprime_q2",71,"1018.12659126800000"
"subprime_q2",72,"1109.18294319330000"
"subprime_q2",73,"1190.09748300300000"
"subprime_q2",74,"1252.98374363600000"
"subprime_q2",75,"1294.29880244480000"
"subprime_q2",76,"1322.45350356450000"
"subprime_q2",77,"1363.97161213200000"
"subprime_q2",78,"1415.73307942500000"
"subprime_q2",79,"1441.62257600900000"
"subprime_q2",80,"1452.20343592870000"
"subprime_q2",81,"1500.11107576530000"
"subprime_q2",82,"1587.07067087760000"
"subprime_q2",83,"1623.66890591520000"
"subprime_q2",84,"1705.79451861000000"
"subprime_q3",11,"15.56153691680000"
"subprime_q3",12,"40.20273801430000"
"subprime_q3",13,"83.17176770160000"
"subprime_q3",14,"111.86587702290000"
"subprime_q3",15,"127.99438797010000"
"subprime_q3",16,"149.32879724400000"
"subprime_q3",17,"181.45462941720000"
"subprime_q3",18,"202.72297907680000"
"subprime_q3",19,"226.58172757450000"
"subprime_q3",20,"228.06452874240000"
"subprime_q3",21,"252.11348854540000"
"subprime_q3",22,"248.53139205400000"
"subprime_q3",23,"258.23176291620000"
"subprime_q3",24,"269.65202304670000"
"subprime_q3",25,"278.54960607480000"
"subprime_q3",26,"299.43389805120000"
"subprime_q3",27,"324.01858896290000"
"subprime_q3",28,"338.37484209760000"
"subprime_q3",29,"331.67351438760000"
"subprime_q3",30,"339.08777652750000"
"subprime_q3",31,"380.94521380500000"
"subprime_q3",32,"398.27136516160000"
"subprime_q3",33,"404.46997374310000"
"subprime_q3",34,"430.77240201600000"
"subprime_q3",35,"470.22529489340000"
"subprime_q3",36,"460.91472326510000"
"subprime_q3",37,"464.91390986640000"
"subprime_q3",38,"464.11401268140000"
"subprime_q3",39,"454.92189212040000"
"subprime_q3",40,"447.69420514840000"
"subprime_q3",41,"438.82909667510000"
"subprime_q3",42,"430.83545915040000"
"subprime_q3",43,"425.77899837000000"
"subprime_q3",44,"417.34718315400000"
"subprime_q3",45,"413.60278280880000"
"subprime_q3",46,"406.01447147520000"
"subprime_q3",47,"413.30789515360000"
"subprime_q3",48,"421.09973442650000"
"subprime_q3",49,"419.96565985400000"
"subprime_q3",50,"419.88192755840000"
"subprime_q3",51,"440.01283224260000"
"subprime_q3",52,"436.82895507400000"
"subprime_q3",53,"440.31162736440000"
"subprime_q3",54,"439.84947520720000"
"subprime_q3",55,"447.74426251760000"
"subprime_q3",56,"458.90209191360000"
"subprime_q3",57,"459.58347639760000"
"subprime_q3",58,"477.09825106020000"
"subprime_q3",59,"513.37279655280000"
"subprime_q3",60,"543.88261824620000"
"subprime_q3",61,"576.73245450600000"
"subprime_q3",62,"623.35835977220000"
"subprime_q3",63,"673.83874564320000"
"subprime_q3",64,"721.30074175900000"
"subprime_q3",65,"780.73592048910000"
"subprime_q3",66,"848.33640945240000"
"subprime_q3",67,"891.70203479820000"
"subprime_q3",68,"949.65360103200000"
"subprime_q3",69,"1019.92198303530000"
"subprime_q3",70,"1092.79440459450000"
"subprime_q3",71,"1194.97865694180000"
"subprime_q3",72,"1276.91843936050000"
"subprime_q3",73,"1332.37343060250000"
"subprime_q3",74,"1417.14017433200000"
"subprime_q3",75,"1463.91103624400000"
"subprime_q3",76,"1531.40007051150000"
"subprime_q3",77,"1570.72917687840000"
"subprime_q3",78,"1631.21793160620000"
"subprime_q3",79,"1675.68964116400000"
"subprime_q3",80,"1736.85055644380000"
"subprime_q3",81,"1774.99653728360000"
"subprime_q3",82,"1810.66604751120000"
"subprime_q3",83,"1879.50155338320000"
"subprime_q3",84,"1962.55030986000000"
"subprime_q4",11,"15.45961687680000"
"subprime_q4",12,"58.01368372970000"
"subprime_q4",13,"91.23074674740000"
"subprime_q4",14,"89.42400401220000"
"subprime_q4",15,"137.00764779830000"
"subprime_q4",16,"134.29502333400000"
"subprime_q4",17,"179.01015500000000"
"subprime_q4",18,"175.46589125000000"
"subprime_q4",19,"210.61777814700000"
"subprime_q4",20,"206.44692324480000"
"subprime_q4",21,"260.62990170330000"
"subprime_q4",22,"293.15597758400000"
"subprime_q4",23,"369.33894749160000"
"subprime_q4",24,"362.02568149160000"
"subprime_q4",25,"354.85721815840000"
"subprime_q4",26,"347.83063218560000"
"subprime_q4",27,"375.80899098090000"
"subprime_q4",28,"368.36855368440000"
"subprime_q4",29,"361.07321700690000"
"subprime_q4",30,"353.92459317750000"
"subprime_q4",31,"346.91623327980000"
"subprime_q4",32,"340.04652508470000"
"subprime_q4",33,"333.31385636310000"
"subprime_q4",34,"326.71339042770000"
"subprime_q4",35,"320.24351504940000"
"subprime_q4",36,"313.90261799910000"
"subprime_q4",37,"307.68747481860000"
"subprime_q4",38,"301.59486104970000"
"subprime_q4",39,"295.62155223420000"
"subprime_q4",40,"289.76916060120000"
"subprime_q4",41,"284.03123723430000"
"subprime_q4",42,"278.40616990440000"
"subprime_q4",43,"272.89395861150000"
"subprime_q4",44,"273.55825033020000"
"subprime_q4",45,"268.14192459120000"
"subprime_q4",46,"262.83277120320000"
"subprime_q4",47,"257.62749255540000"
"subprime_q4",48,"252.52608864780000"
"subprime_q4",49,"247.52526186960000"
"subprime_q4",50,"242.62501222080000"
"subprime_q4",51,"248.57127358180000"
"subprime_q4",52,"243.64941140020000"
"subprime_q4",53,"242.67364254900000"
"subprime_q4",54,"242.99600687560000"
"subprime_q4",55,"248.77831680600000"
"subprime_q4",56,"248.87060509920000"
"subprime_q4",57,"253.23182572880000"
"subprime_q4",58,"255.06161561100000"
"subprime_q4",59,"278.48636029820000"
"subprime_q4",60,"281.48623288820000"
"subprime_q4",61,"307.65591185160000"
"subprime_q4",62,"330.86428836000000"
"subprime_q4",63,"350.81327126200000"
"subprime_q4",64,"354.17020647450000"
"subprime_q4",65,"391.86626216980000"
"subprime_q4",66,"409.96746840720000"
"subprime_q4",67,"436.76619514920000"
"subprime_q4",68,"474.41523080640000"
"subprime_q4",69,"497.10566806600000"
"subprime_q4",70,"546.38736305700000"
"subprime_q4",71,"572.45589695240000"
"subprime_q4",72,"620.56975764960000"
"subprime_q4",73,"713.64867979350000"
"subprime_q4",74,"772.23521504700000"
"subprime_q4",75,"811.12375576040000"
"subprime_q4",76,"837.49328385650000"
"subprime_q4",77,"918.35065085760000"
"subprime_q4",78,"932.63869066440000"
"subprime_q4",79,"997.57367917900000"
"subprime_q4",80,"1099.52238182920000"
"subprime_q4",81,"1182.43488692580000"
"subprime_q4",82,"1244.03127125040000"
"subprime_q4",83,"1329.83005609680000"
"subprime_q4",84,"1391.79966975000000"
"super_prime_q1",10,"6.05273989320000"
"super_prime_q1",11,"21.77219398040000"
"super_prime_q1",12,"52.30279202280000"
"super_prime_q1",13,"141.79334813540000"
"super_prime_q1",14,"182.74378460600000"
"super_prime_q1",15,"213.92289496510000"
"super_prime_q1",16,"230.08561814400000"
"super_prime_q1",17,"308.60964942660000"
"super_prime_q1",18,"327.76912590900000"
"super_prime_q1",19,"351.49645781370000"
"super_prime_q1",20,"390.54657085920000"
"super_prime_q1",21,"395.95960706720000"
"super_prime_q1",22,"430.59165757240000"
"super_prime_q1",23,"463.38161220400000"
"super_prime_q1",24,"487.12376394400000"
"super_prime_q1",25,"513.82852493820000"
"super_prime_q1",26,"512.17037135040000"
"super_prime_q1",27,"557.65337192520000"
"super_prime_q1",28,"567.84689795750000"
"super_prime_q1",29,"578.72725516670000"
"super_prime_q1",30,"579.93038579000000"
"super_prime_q1",31,"587.82093647760000"
"super_prime_q1",32,"611.16148748750000"
"super_prime_q1",33,"620.50888368610000"
"super_prime_q1",34,"628.07922838000000"
"super_prime_q1",35,"634.64584971930000"
"super_prime_q1",36,"668.75616570590000"
"super_prime_q1",37,"658.29768466040000"
"super_prime_q1",38,"653.45780056000000"
"super_prime_q1",39,"657.78040552840000"
"super_prime_q1",40,"668.38283346280000"
"super_prime_q1",41,"663.80589714210000"
"super_prime_q1",42,"662.46093769500000"
"super_prime_q1",43,"666.52753536390000"
"super_prime_q1",44,"671.61205490700000"
"super_prime_q1",45,"665.02933807020000"
"super_prime_q1",46,"656.05528278590000"
"super_prime_q1",47,"651.42305095010000"
"super_prime_q1",48,"639.21119758080000"
"super_prime_q1",49,"627.55921581330000"
"super_prime_q1",50,"634.76510162160000"
"super_prime_q1",51,"626.61115291560000"
"super_prime_q1",52,"619.21182697230000"
"super_prime_q1",53,"618.57872415630000"
"super_prime_q1",54,"610.51850502330000"
"super_prime_q1",55,"599.73976838940000"
"super_prime_q1",56,"589.06201621680000"
"super_prime_q1",57,"585.20533893780000"
"super_prime_q1",58,"575.83476124840000"
"super_prime_q1",59,"564.43084994090000"
"super_prime_q1",60,"557.50791501090000"
"super_prime_q1",61,"546.46677982260000"
"super_prime_q1",62,"538.89292641870000"
"super_prime_q1",63,"528.21941319840000"
"super_prime_q1",64,"528.38452917440000"
"super_prime_q1",65,"524.94383565940000"
"super_prime_q1",66,"518.00424601860000"
"super_prime_q1",67,"507.74635221420000"
"super_prime_q1",68,"504.12400053000000"
"super_prime_q1",69,"496.96804596090000"
"super_prime_q1",70,"489.14177969160000"
"super_prime_q1",71,"482.53020025600000"
"super_prime_q1",72,"480.44826878260000"
"super_prime_q1",73,"479.81670826880000"
"super_prime_q1",74,"472.24996810690000"
"super_prime_q1",75,"462.89714847540000"
"super_prime_q1",76,"455.18985066700000"
"super_prime_q1",77,"446.17811350900000"
"super_prime_q1",78,"439.76846839200000"
"super_prime_q1",79,"431.05904226000000"
"super_prime_q1",80,"422.52401392800000"
"super_prime_q1",81,"414.15640748400000"
"super_prime_q1",82,"412.02562435200000"
"super_prime_q1",83,"403.86568463200000"
"super_prime_q1",84,"400.63800630240000"
"super_prime_q2",10,"73.15580156940000"
"super_prime_q2",11,"303.86685786340000"
"super_prime_q2",12,"708.59134150200000"
"super_prime_q2",13,"867.39569815210000"
"super_prime_q2",14,"1025.11555171600000"
"super_prime_q2",15,"1290.85666974030000"
"super_prime_q2",16,"1530.97489667520000"
"super_prime_q2",17,"1732.00558717860000"
"super_prime_q2",18,"1931.56901927340000"
"super_prime_q2",19,"2067.82945003000000"
"super_prime_q2",20,"2245.85078608800000"
"super_prime_q2",21,"2420.01734400360000"
"super_prime_q2",22,"2573.65282788600000"
"super_prime_q2",23,"2754.05038147400000"
"super_prime_q2",24,"2921.47336004200000"
"super_prime_q2",25,"3128.66261937660000"
"super_prime_q2",26,"3235.88369328720000"
"super_prime_q2",27,"3332.56940895970000"
"super_prime_q2",28,"3408.64575600750000"
"super_prime_q2",29,"3500.27932283440000"
"super_prime_q2",30,"3538.81584330540000"
"super_prime_q2",31,"3594.80900600460000"
"super_prime_q2",32,"3613.78628742500000"
"super_prime_q2",33,"3620.09874493800000"
"super_prime_q2",34,"3622.94869928200000"
"super_prime_q2",35,"3556.38893106870000"
"super_prime_q2",36,"3537.96381532860000"
"super_prime_q2",37,"3499.93143306120000"
"super_prime_q2",38,"3442.10210130000000"
"super_prime_q2",39,"3411.97574628680000"
"super_prime_q2",40,"3351.08432055110000"
"super_prime_q2",41,"3291.76910864030000"
"super_prime_q2",42,"3237.98391245100000"
"super_prime_q2",43,"3185.38569386170000"
"super_prime_q2",44,"3148.86779284400000"
"super_prime_q2",45,"3094.42429763820000"
"super_prime_q2",46,"3033.14266601310000"
"super_prime_q2",47,"2987.26541298900000"
"super_prime_q2",48,"2936.99825383120000"
"super_prime_q2",49,"2902.74892849100000"
"super_prime_q2",50,"2859.48618941520000"
"super_prime_q2",51,"2810.43327153630000"
"super_prime_q2",52,"2767.78552736130000"
"super_prime_q2",53,"2712.97091534130000"
"super_prime_q2",54,"2666.88718697040000"
"super_prime_q2",55,"2614.08790688560000"
"super_prime_q2",56,"2562.32262360960000"
"super_prime_q2",57,"2518.46623358750000"
"super_prime_q2",58,"2472.84149883120000"
"super_prime_q2",59,"2426.40141334810000"
"super_prime_q2",60,"2388.58034058570000"
"super_prime_q2",61,"2355.09546474540000"
"super_prime_q2",62,"2325.86095135950000"
"super_prime_q2",63,"2283.87248249600000"
"super_prime_q2",64,"2252.47391762680000"
"super_prime_q2",65,"2212.96631765050000"
"super_prime_q2",66,"2178.79360575030000"
"super_prime_q2",67,"2138.37187676760000"
"super_prime_q2",68,"2114.53646214840000"
"super_prime_q2",69,"2079.62738576750000"
"super_prime_q2",70,"2056.36257039640000"
"super_prime_q2",71,"2018.92911740520000"
"super_prime_q2",72,"1985.38833114050000"
"super_prime_q2",73,"1946.07357244300000"
"super_prime_q2",74,"1907.54091906950000"
"super_prime_q2",75,"1873.61057436780000"
"super_prime_q2",76,"1836.51006769270000"
"super_prime_q2",77,"1800.15129125290000"
"super_prime_q2",78,"1764.50625522820000"
"super_prime_q2",79,"1734.50436470850000"
"super_prime_q2",80,"1703.79507969380000"
"super_prime_q2",81,"1670.05336036390000"
"super_prime_q2",82,"1640.70583050960000"
"super_prime_q2",83,"1610.67264434060000"
"super_prime_q2",84,"1578.77911503680000"
"super_prime_q3",10,"33.69057575400000"
"super_prime_q3",11,"240.34737127640000"
"super_prime_q3",12,"519.61396899390000"
"super_prime_q3",13,"806.38554108060000"
"super_prime_q3",14,"1206.91489435300000"
"super_prime_q3",15,"1416.48805047130000"
"super_prime_q3",16,"1612.43083285730000"
"super_prime_q3",17,"1809.42782798340000"
"super_prime_q3",18,"2077.82807194640000"
"super_prime_q3",19,"2443.36514992270000"
"super_prime_q3",20,"2642.68534733280000"
"super_prime_q3",21,"2894.58384601680000"
"super_prime_q3",22,"3055.58196199320000"
"super_prime_q3",23,"3286.43074435900000"
"super_prime_q3",24,"3578.81153591700000"
"super_prime_q3",25,"3887.60592970680000"
"super_prime_q3",26,"4052.41240752000000"
"super_prime_q3",27,"4272.94431056710000"
"super_prime_q3",28,"4569.40686969250000"
"super_prime_q3",29,"4777.93112767280000"
"super_prime_q3",30,"4961.60625843330000"
"super_prime_q3",31,"5074.94223043920000"
"super_prime_q3",32,"5153.52485141250000"
"super_prime_q3",33,"5167.42530336140000"
"super_prime_q3",34,"5285.17918958900000"
"super_prime_q3",35,"5382.61826725290000"
"super_prime_q3",36,"5565.35262302350000"
"super_prime_q3",37,"5665.38914414400000"
"super_prime_q3",38,"5725.75916840000000"
"super_prime_q3",39,"5759.11685878760000"
"super_prime_q3",40,"5743.77069012650000"
"super_prime_q3",41,"5691.04736462640000"
"super_prime_q3",42,"5653.22444769300000"
"super_prime_q3",43,"5623.55167886330000"
"super_prime_q3",44,"5551.73053888400000"
"super_prime_q3",45,"5469.94386149760000"
"super_prime_q3",46,"5431.33840965380000"
"super_prime_q3",47,"5351.66384682930000"
"super_prime_q3",48,"5272.40986400960000"
"super_prime_q3",49,"5219.72675038960000"
"super_prime_q3",50,"5176.84723819200000"
"super_prime_q3",51,"5118.86999055450000"
"super_prime_q3",52,"5100.26431015890000"
"super_prime_q3",53,"5088.94895326590000"
"super_prime_q3",54,"5057.44795321890000"
"super_prime_q3",55,"5029.60038218460000"
"super_prime_q3",56,"4950.56121566400000"
"super_prime_q3",57,"4860.68616770310000"
"super_prime_q3",58,"4811.05281943400000"
"super_prime_q3",59,"4776.20681907820000"
"super_prime_q3",60,"4731.65568877890000"
"super_prime_q3",61,"4652.73109990260000"
"super_prime_q3",62,"4591.77255306930000"
"super_prime_q3",63,"4632.14427327520000"
"super_prime_q3",64,"4623.94487055640000"
"super_prime_q3",65,"4629.48543610640000"
"super_prime_q3",66,"4620.52453759380000"
"super_prime_q3",67,"4586.54708448510000"
"super_prime_q3",68,"4556.53688691840000"
"super_prime_q3",69,"4549.55719166960000"
"super_prime_q3",70,"4553.87899214600000"
"super_prime_q3",71,"4547.31104141080000"
"super_prime_q3",72,"4487.08471666720000"
"super_prime_q3",73,"4448.98457235260000"
"super_prime_q3",74,"4376.65857700060000"
"super_prime_q3",75,"4324.65392507820000"
"super_prime_q3",76,"4277.30401451960000"
"super_prime_q3",77,"4206.85130712710000"
"super_prime_q3",78,"4134.09443962900000"
"super_prime_q3",79,"4055.73464673300000"
"super_prime_q3",80,"3988.16625321060000"
"super_prime_q3",81,"3931.28656748200000"
"super_prime_q3",82,"3877.02060526440000"
"super_prime_q3",83,"3811.79186026030000"
"super_prime_q3",84,"3754.62186891040000"
"super_prime_q4",10,"692.43444590760000"
"super_prime_q4",11,"3374.23585763570000"
"super_prime_q4",12,"6744.67923576700000"
"super_prime_q4",13,"8780.72499927740000"
"super_prime_q4",14,"10061.24223581300000"
"super_prime_q4",15,"11783.73323899480000"
"super_prime_q4",16,"13139.56380238290000"
"super_prime_q4",17,"14749.14344320380000"
"super_prime_q4",18,"16010.71833876340000"
"super_prime_q4",19,"17285.43509136880000"
"super_prime_q4",20,"18180.22935284640000"
"super_prime_q4",21,"19218.49586429840000"
"super_prime_q4",22,"20349.10698652620000"
"super_prime_q4",23,"21453.58582780000000"
"super_prime_q4",24,"21940.17930197500000"
"super_prime_q4",25,"22563.89810550660000"
"super_prime_q4",26,"23081.56997475360000"
"super_prime_q4",27,"23554.72740007960000"
"super_prime_q4",28,"23879.15716346500000"
"super_prime_q4",29,"23937.13789490810000"
"super_prime_q4",30,"23908.60815304710000"
"super_prime_q4",31,"23964.83775149130000"
"super_prime_q4",32,"23915.52090438750000"
"super_prime_q4",33,"23758.96041461390000"
"super_prime_q4",34,"23554.17621410900000"
"super_prime_q4",35,"23292.61335366150000"
"super_prime_q4",36,"22954.65364468980000"
"super_prime_q4",37,"22630.75889182480000"
"super_prime_q4",38,"22395.88881996000000"
"super_prime_q4",39,"22093.90542685480000"
"super_prime_q4",40,"21741.51947221320000"
"super_prime_q4",41,"21358.72236471480000"
"super_prime_q4",42,"21027.31771484820000"
"super_prime_q4",43,"20702.12282904500000"
"super_prime_q4",44,"20408.94167754600000"
"super_prime_q4",45,"20230.18265713920000"
"super_prime_q4",46,"20018.77766318970000"
"super_prime_q4",47,"19676.26021515440000"
"super_prime_q4",48,"19406.90412311040000"
"super_prime_q4",49,"19100.19636800380000"
"super_prime_q4",50,"18818.37232969920000"
"super_prime_q4",51,"18621.57169735320000"
"super_prime_q4",52,"18544.29986918250000"
"super_prime_q4",53,"18329.97312934110000"
"super_prime_q4",54,"18257.55696356670000"
"super_prime_q4",55,"18068.48056693380000"
"super_prime_q4",56,"17916.87314383200000"
"super_prime_q4",57,"17760.08829867300000"
"super_prime_q4",58,"17750.03728304880000"
"super_prime_q4",59,"17695.61800119260000"
"super_prime_q4",60,"17878.58577765660000"
"super_prime_q4",61,"18138.20534161740000"
"super_prime_q4",62,"18466.09686568020000"
"super_prime_q4",63,"18467.81800448640000"
"super_prime_q4",64,"18631.59017326440000"
"super_prime_q4",65,"18815.41385768370000"
"super_prime_q4",66,"19183.31459069850000"
"super_prime_q4",67,"19609.80898830360000"
"super_prime_q4",68,"20155.81963481880000"
"super_prime_q4",69,"20756.35361403590000"
"super_prime_q4",70,"21415.71505658240000"
"super_prime_q4",71,"21761.10682797480000"
"super_prime_q4",72,"21997.17449206210000"
"super_prime_q4",73,"22166.66431184240000"
"super_prime_q4",74,"22212.81525710590000"
"super_prime_q4",75,"22242.49357078440000"
"super_prime_q4",76,"22225.79948934420000"
"super_prime_q4",77,"22124.77243872440000"
"super_prime_q4",78,"21999.62433014060000"
"super_prime_q4",79,"21757.88819981700000"
"super_prime_q4",80,"21444.99305377560000"
"super_prime_q4",81,"21281.68332519420000"
"super_prime_q4",82,"21106.00477451880000"
"super_prime_q4",83,"20800.72492629150000"
"super_prime_q4",84,"20583.34149522880000"
